Số giờ tự học trung bình mỗi tuần của bạn là bao nhiêu? (Không tính giờ học trên lớp),Số môn bạn đã đăng kí trong học kỳ này?,Tỷ lệ đi học đầy đủ của bạn ở trên lớp? (Attendance),Hình thức học tập yêu thích của bạn là gì?,Bạn có đang đi làm thêm (Part-time job) không?,Bạn có đang tham gia tích cực Câu lạc bộ/Đoàn hội không?,Thời gian trung bình mỗi đêm bạn ngủ?,"Thời gian trung bình bạn sử dụng Mạng xã hội (Facebook, Instagram, TikTok, Zalo) mỗi ngày?",GPA học kỳ gần nhất của bạn là bao nhiêu? (Thang 4)
7,5,Trên 90%,Tự học một mình,Không đi làm,Không,Dưới 5 tiếng,Dưới 2 tiếng,2.0 - 2.5
10,6,Trên 90%,Kết hợp cả hai,Không đi làm,Không,Trên 7 tiếng,4 - 6 tiếng,2.6 - 3.0
15,7,Trên 90%,Kết hợp cả hai,Làm dưới 16h/tuần,Có,Trên 7 tiếng,2 - 4 tiếng,3.1 - 3.5
12,4,Trên 90%,Tự học một mình,Làm trên 16h/tuần,Không,Trên 7 tiếng,4 - 6 tiếng,3.1 - 3.5
6,4,Trên 90%,Tự học một mình,Làm trên 16h/tuần,Có,5 - 7 tiếng,2 - 4 tiếng,Dưới 2.0
10,7,Trên 90%,Học nhóm,Không đi làm,Có,Dưới 5 tiếng,2 - 4 tiếng,2.6 - 3.0
5,3,Trên 90%,Tự học một mình,Không đi làm,Không,Dưới 5 tiếng,4 - 6 tiếng,3.1 - 3.5
9,8,Trên 90%,Kết hợp cả hai,Không đi làm,Không,Dưới 5 tiếng,4 - 6 tiếng,3.1 - 3.5
14,8,Trên 90%,Kết hợp cả hai,Không đi làm,Không,Trên 7 tiếng,2 - 4 tiếng,3.5 - 4.0
9,3,Trên 90%,Kết hợp cả hai,Không đi làm,Có,5 - 7 tiếng,2 - 4 tiếng,3.5 - 4.0
12,7,Trên 90%,Học nhóm,Không đi làm,Có,Dưới 5 tiếng,Trên 6 tiếng,3.5 - 4.0
7,3,Trên 90%,Học nhóm,Không đi làm,Có,Dưới 5 tiếng,4 - 6 tiếng,3.5 - 4.0
5,3,Trên 90%,Kết hợp cả hai,Làm trên 16h/tuần,Không,5 - 7 tiếng,4 - 6 tiếng,3.1 - 3.5
11,7,Trên 90%,Kết hợp cả hai,Làm dưới 16h/tuần,Có,5 - 7 tiếng,Trên 6 tiếng,3.5 - 4.0
10,7,Trên 90%,Học nhóm,Làm trên 16h/tuần,Không,5 - 7 tiếng,4 - 6 tiếng,3.1 - 3.5
6,3,Trên 90%,Kết hợp cả hai,Làm trên 16h/tuần,Không,Trên 7 tiếng,Trên 6 tiếng,3.1 - 3.5
15,4,Trên 90%,Tự học một mình,Làm dưới 16h/tuần,Không,5 - 7 tiếng,Trên 6 tiếng,3.5 - 4.0
10,8,Trên 90%,Học nhóm,Làm dưới 16h/tuần,Không,Dưới 5 tiếng,Trên 6 tiếng,3.1 - 3.5
12,5,Trên 90%,Tự học một mình,Không đi làm,Có,Trên 7 tiếng,2 - 4 tiếng,3.5 - 4.0
7,7,Trên 90%,Kết hợp cả hai,Không đi làm,Không,Trên 7 tiếng,Trên 6 tiếng,3.1 - 3.5
10,6,Trên 90%,Học nhóm,Làm trên 16h/tuần,Không,Dưới 5 tiếng,Dưới 2 tiếng,3.5 - 4.0
9,3,Trên 90%,Kết hợp cả hai,Làm dưới 16h/tuần,Không,Trên 7 tiếng,Trên 6 tiếng,3.1 - 3.5
11,3,Trên 90%,Kết hợp cả hai,Làm trên 16h/tuần,Có,Dưới 5 tiếng,Dưới 2 tiếng,3.5 - 4.0
6,6,Trên 90%,Kết hợp cả hai,Làm dưới 16h/tuần,Không,Dưới 5 tiếng,2 - 4 tiếng,3.1 - 3.5
13,8,Trên 90%,Học nhóm,Làm trên 16h/tuần,Có,Trên 7 tiếng,Trên 6 tiếng,3.1 - 3.5
6,4,Trên 90%,Kết hợp cả hai,Không đi làm,Không,Dưới 5 tiếng,4 - 6 tiếng,3.1 - 3.5
5,5,Trên 90%,Kết hợp cả hai,Làm dưới 16h/tuần,Có,Trên 7 tiếng,4 - 6 tiếng,2.6 - 3.0
10,3,Trên 90%,Kết hợp cả hai,Làm trên 16h/tuần,Có,Dưới 5 tiếng,2 - 4 tiếng,3.5 - 4.0
9,5,Trên 90%,Học nhóm,Làm dưới 16h/tuần,Không,5 - 7 tiếng,Dưới 2 tiếng,3.5 - 4.0
10,3,Trên 90%,Tự học một mình,Không đi làm,Có,5 - 7 tiếng,Dưới 2 tiếng,3.5 - 4.0
14,6,Trên 90%,Kết hợp cả hai,Không đi làm,Có,Dưới 5 tiếng,Trên 6 tiếng,3.5 - 4.0
6,3,Trên 90%,Tự học một mình,Làm dưới 16h/tuần,Có,Trên 7 tiếng,Trên 6 tiếng,3.1 - 3.5
7,7,Trên 90%,Học nhóm,Làm dưới 16h/tuần,Có,5 - 7 tiếng,4 - 6 tiếng,3.1 - 3.5
10,3,Trên 90%,Học nhóm,Làm trên 16h/tuần,Không,5 - 7 tiếng,Trên 6 tiếng,3.1 - 3.5
5,7,Trên 90%,Học nhóm,Không đi làm,Không,Trên 7 tiếng,Dưới 2 tiếng,3.1 - 3.5
7,8,Trên 90%,Tự học một mình,Làm dưới 16h/tuần,Không,Trên 7 tiếng,4 - 6 tiếng,3.1 - 3.5
12,3,Trên 90%,Kết hợp cả hai,Không đi làm,Có,Trên 7 tiếng,4 - 6 tiếng,3.5 - 4.0
5,7,Trên 90%,Tự học một mình,Làm dưới 16h/tuần,Không,5 - 7 tiếng,Trên 6 tiếng,3.1 - 3.5
8,5,Trên 90%,Học nhóm,Làm dưới 16h/tuần,Có,Dưới 5 tiếng,Trên 6 tiếng,3.1 - 3.5
11,3,Trên 90%,Kết hợp cả hai,Làm trên 16h/tuần,Có,5 - 7 tiếng,2 - 4 tiếng,3.5 - 4.0
9,3,Trên 90%,Kết hợp cả hai,Làm trên 16h/tuần,Có,Dưới 5 tiếng,2 - 4 tiếng,3.1 - 3.5
14,6,Trên 90%,Học nhóm,Không đi làm,Không,5 - 7 tiếng,2 - 4 tiếng,3.5 - 4.0
9,8,Trên 90%,Tự học một mình,Không đi làm,Không,Trên 7 tiếng,Dưới 2 tiếng,3.1 - 3.5
5,6,Trên 90%,Học nhóm,Không đi làm,Không,5 - 7 tiếng,4 - 6 tiếng,3.1 - 3.5
5,5,Trên 90%,Tự học một mình,Làm trên 16h/tuần,Có,Trên 7 tiếng,Dưới 2 tiếng,3.1 - 3.5
14,6,Trên 90%,Tự học một mình,Không đi làm,Không,Dưới 5 tiếng,2 - 4 tiếng,3.5 - 4.0
15,4,Trên 90%,Tự học một mình,Không đi làm,Có,5 - 7 tiếng,2 - 4 tiếng,3.5 - 4.0
6,4,Trên 90%,Học nhóm,Không đi làm,Không,Dưới 5 tiếng,4 - 6 tiếng,2.6 - 3.0
6,6,Trên 90%,Tự học một mình,Làm trên 16h/tuần,Không,Trên 7 tiếng,Trên 6 tiếng,3.1 - 3.5
5,4,Trên 90%,Tự học một mình,Làm dưới 16h/tuần,Có,5 - 7 tiếng,Trên 6 tiếng,2.6 - 3.0
6,8,Trên 90%,Học nhóm,Làm trên 16h/tuần,Có,Dưới 5 tiếng,Dưới 2 tiếng,3.1 - 3.5
11,7,Trên 90%,Kết hợp cả hai,Không đi làm,Có,Dưới 5 tiếng,2 - 4 tiếng,3.5 - 4.0
6,3,Trên 90%,Tự học một mình,Làm trên 16h/tuần,Có,5 - 7 tiếng,Trên 6 tiếng,3.1 - 3.5
8,5,Trên 90%,Học nhóm,Làm trên 16h/tuần,Không,Dưới 5 tiếng,4 - 6 tiếng,3.1 - 3.5
9,3,Trên 90%,Tự học một mình,Làm dưới 16h/tuần,Có,Trên 7 tiếng,Dưới 2 tiếng,3.5 - 4.0
13,8,Trên 90%,Học nhóm,Làm dưới 16h/tuần,Có,5 - 7 tiếng,Trên 6 tiếng,3.5 - 4.0
7,7,Trên 90%,Kết hợp cả hai,Làm trên 16h/tuần,Không,5 - 7 tiếng,4 - 6 tiếng,3.1 - 3.5
12,3,Trên 90%,Kết hợp cả hai,Làm trên 16h/tuần,Có,Dưới 5 tiếng,4 - 6 tiếng,3.5 - 4.0
15,3,Trên 90%,Kết hợp cả hai,Không đi làm,Không,5 - 7 tiếng,4 - 6 tiếng,3.5 - 4.0
14,6,Trên 90%,Kết hợp cả hai,Làm trên 16h/tuần,Có,Dưới 5 tiếng,2 - 4 tiếng,3.5 - 4.0
9,4,Trên 90%,Học nhóm,Làm trên 16h/tuần,Có,Trên 7 tiếng,Trên 6 tiếng,3.5 - 4.0
14,7,Trên 90%,Tự học một mình,Làm dưới 16h/tuần,Không,Trên 7 tiếng,Trên 6 tiếng,3.5 - 4.0
6,6,Trên 90%,Kết hợp cả hai,Làm dưới 16h/tuần,Có,5 - 7 tiếng,Dưới 2 tiếng,3.5 - 4.0
12,5,Trên 90%,Kết hợp cả hai,Không đi làm,Không,5 - 7 tiếng,Trên 6 tiếng,3.1 - 3.5
8,7,Trên 90%,Tự học một mình,Làm dưới 16h/tuần,Có,Trên 7 tiếng,2 - 4 tiếng,3.5 - 4.0
14,8,Trên 90%,Kết hợp cả hai,Làm trên 16h/tuần,Không,5 - 7 tiếng,Dưới 2 tiếng,3.5 - 4.0
13,7,Trên 90%,Học nhóm,Làm trên 16h/tuần,Không,Trên 7 tiếng,Trên 6 tiếng,3.1 - 3.5
10,5,Trên 90%,Kết hợp cả hai,Làm trên 16h/tuần,Không,Dưới 5 tiếng,4 - 6 tiếng,3.1 - 3.5
5,4,Trên 90%,Học nhóm,Làm trên 16h/tuần,Không,Trên 7 tiếng,2 - 4 tiếng,2.6 - 3.0
13,7,Trên 90%,Tự học một mình,Không đi làm,Có,5 - 7 tiếng,4 - 6 tiếng,3.5 - 4.0
10,6,Trên 90%,Học nhóm,Làm trên 16h/tuần,Không,Dưới 5 tiếng,Dưới 2 tiếng,3.1 - 3.5
13,5,Trên 90%,Kết hợp cả hai,Làm dưới 16h/tuần,Không,5 - 7 tiếng,2 - 4 tiếng,3.5 - 4.0
6,3,Trên 90%,Học nhóm,Không đi làm,Có,Trên 7 tiếng,2 - 4 tiếng,3.1 - 3.5
8,5,Trên 90%,Học nhóm,Làm dưới 16h/tuần,Có,5 - 7 tiếng,Trên 6 tiếng,3.1 - 3.5
5,8,Trên 90%,Kết hợp cả hai,Làm dưới 16h/tuần,Không,Dưới 5 tiếng,2 - 4 tiếng,2.6 - 3.0
11,6,Trên 90%,Kết hợp cả hai,Làm trên 16h/tuần,Có,Dưới 5 tiếng,4 - 6 tiếng,3.5 - 4.0
8,6,Trên 90%,Kết hợp cả hai,Làm dưới 16h/tuần,Có,Dưới 5 tiếng,Trên 6 tiếng,3.1 - 3.5
9,4,Trên 90%,Tự học một mình,Làm dưới 16h/tuần,Có,Trên 7 tiếng,Dưới 2 tiếng,3.5 - 4.0
7,7,Trên 90%,Kết hợp cả hai,Làm trên 16h/tuần,Không,Dưới 5 tiếng,Trên 6 tiếng,2.6 - 3.0
15,3,Trên 90%,Học nhóm,Làm dưới 16h/tuần,Có,5 - 7 tiếng,2 - 4 tiếng,3.5 - 4.0
5,6,Trên 90%,Học nhóm,Làm trên 16h/tuần,Có,5 - 7 tiếng,Dưới 2 tiếng,3.1 - 3.5
5,5,Trên 90%,Học nhóm,Làm dưới 16h/tuần,Có,Dưới 5 tiếng,4 - 6 tiếng,3.1 - 3.5
5,8,Trên 90%,Kết hợp cả hai,Không đi làm,Có,Trên 7 tiếng,2 - 4 tiếng,3.1 - 3.5
11,6,Trên 90%,Kết hợp cả hai,Không đi làm,Không,5 - 7 tiếng,Trên 6 tiếng,3.5 - 4.0
14,8,Trên 90%,Tự học một mình,Làm dưới 16h/tuần,Có,5 - 7 tiếng,2 - 4 tiếng,3.5 - 4.0
15,3,Trên 90%,Tự học một mình,Làm dưới 16h/tuần,Không,5 - 7 tiếng,2 - 4 tiếng,3.5 - 4.0
13,8,Trên 90%,Học nhóm,Không đi làm,Có,Dưới 5 tiếng,2 - 4 tiếng,3.5 - 4.0
8,5,Trên 90%,Tự học một mình,Làm trên 16h/tuần,Có,Trên 7 tiếng,Trên 6 tiếng,3.1 - 3.5
10,5,Trên 90%,Kết hợp cả hai,Làm dưới 16h/tuần,Có,5 - 7 tiếng,4 - 6 tiếng,3.5 - 4.0
6,6,Trên 90%,Tự học một mình,Không đi làm,Không,5 - 7 tiếng,Trên 6 tiếng,2.6 - 3.0
8,3,Trên 90%,Kết hợp cả hai,Không đi làm,Có,5 - 7 tiếng,Dưới 2 tiếng,3.5 - 4.0
9,8,Trên 90%,Kết hợp cả hai,Làm trên 16h/tuần,Có,Trên 7 tiếng,2 - 4 tiếng,3.5 - 4.0
11,5,Trên 90%,Học nhóm,Làm trên 16h/tuần,Có,5 - 7 tiếng,4 - 6 tiếng,3.5 - 4.0
15,5,Trên 90%,Kết hợp cả hai,Làm trên 16h/tuần,Có,Dưới 5 tiếng,Trên 6 tiếng,3.5 - 4.0
7,3,Trên 90%,Kết hợp cả hai,Làm trên 16h/tuần,Có,5 - 7 tiếng,Trên 6 tiếng,3.1 - 3.5
10,8,Trên 90%,Kết hợp cả hai,Làm trên 16h/tuần,Không,5 - 7 tiếng,2 - 4 tiếng,3.5 - 4.0
12,6,Trên 90%,Kết hợp cả hai,Làm dưới 16h/tuần,Không,Trên 7 tiếng,4 - 6 tiếng,3.5 - 4.0
15,4,Trên 90%,Tự học một mình,Làm trên 16h/tuần,Không,Trên 7 tiếng,Dưới 2 tiếng,3.5 - 4.0
9,5,Trên 90%,Tự học một mình,Không đi làm,Không,Trên 7 tiếng,4 - 6 tiếng,3.1 - 3.5
14,6,Trên 90%,Kết hợp cả hai,Làm trên 16h/tuần,Không,Dưới 5 tiếng,Dưới 2 tiếng,3.5 - 4.0
11,3,Trên 90%,Tự học một mình,Làm dưới 16h/tuần,Không,Dưới 5 tiếng,4 - 6 tiếng,3.1 - 3.5
7,5,Trên 90%,Tự học một mình,Không đi làm,Không,Trên 7 tiếng,4 - 6 tiếng,3.1 - 3.5
6,6,Trên 90%,Kết hợp cả hai,Không đi làm,Có,5 - 7 tiếng,4 - 6 tiếng,3.5 - 4.0
13,7,Trên 90%,Học nhóm,Không đi làm,Có,5 - 7 tiếng,4 - 6 tiếng,3.5 - 4.0
13,8,Trên 90%,Học nhóm,Làm dưới 16h/tuần,Có,Dưới 5 tiếng,4 - 6 tiếng,3.5 - 4.0
6,5,Trên 90%,Học nhóm,Làm trên 16h/tuần,Không,Dưới 5 tiếng,Dưới 2 tiếng,3.1 - 3.5
15,7,Trên 90%,Kết hợp cả hai,Không đi làm,Có,5 - 7 tiếng,Trên 6 tiếng,3.5 - 4.0
14,7,Trên 90%,Kết hợp cả hai,Làm dưới 16h/tuần,Không,Trên 7 tiếng,Trên 6 tiếng,3.5 - 4.0
9,3,Trên 90%,Tự học một mình,Làm dưới 16h/tuần,Không,Dưới 5 tiếng,2 - 4 tiếng,3.1 - 3.5
14,3,Trên 90%,Tự học một mình,Làm trên 16h/tuần,Không,Dưới 5 tiếng,2 - 4 tiếng,3.5 - 4.0
5,7,Trên 90%,Học nhóm,Làm dưới 16h/tuần,Có,Dưới 5 tiếng,Trên 6 tiếng,2.6 - 3.0
11,8,Trên 90%,Tự học một mình,Làm dưới 16h/tuần,Có,5 - 7 tiếng,4 - 6 tiếng,3.5 - 4.0
5,4,Trên 90%,Tự học một mình,Không đi làm,Không,5 - 7 tiếng,Trên 6 tiếng,3.1 - 3.5
12,3,Trên 90%,Tự học một mình,Làm trên 16h/tuần,Không,Dưới 5 tiếng,4 - 6 tiếng,3.5 - 4.0
9,4,Trên 90%,Học nhóm,Làm trên 16h/tuần,Có,Trên 7 tiếng,4 - 6 tiếng,3.1 - 3.5
7,3,Trên 90%,Học nhóm,Không đi làm,Không,Trên 7 tiếng,Trên 6 tiếng,3.1 - 3.5
7,8,Trên 90%,Tự học một mình,Không đi làm,Có,Trên 7 tiếng,Trên 6 tiếng,3.1 - 3.5
8,8,Trên 90%,Học nhóm,Làm dưới 16h/tuần,Không,5 - 7 tiếng,4 - 6 tiếng,3.1 - 3.5
11,4,Trên 90%,Kết hợp cả hai,Làm dưới 16h/tuần,Có,Dưới 5 tiếng,2 - 4 tiếng,3.1 - 3.5
6,6,Trên 90%,Tự học một mình,Không đi làm,Có,Trên 7 tiếng,Trên 6 tiếng,3.5 - 4.0
14,3,Trên 90%,Tự học một mình,Không đi làm,Có,Trên 7 tiếng,Dưới 2 tiếng,3.5 - 4.0
14,3,Trên 90%,Tự học một mình,Không đi làm,Có,5 - 7 tiếng,Dưới 2 tiếng,3.5 - 4.0
12,6,Trên 90%,Học nhóm,Không đi làm,Không,5 - 7 tiếng,4 - 6 tiếng,3.5 - 4.0
9,4,Trên 90%,Học nhóm,Làm trên 16h/tuần,Có,Dưới 5 tiếng,Dưới 2 tiếng,3.1 - 3.5
15,3,Trên 90%,Kết hợp cả hai,Không đi làm,Có,5 - 7 tiếng,4 - 6 tiếng,3.5 - 4.0
9,3,Trên 90%,Kết hợp cả hai,Không đi làm,Có,Dưới 5 tiếng,Trên 6 tiếng,3.5 - 4.0
9,3,Trên 90%,Học nhóm,Không đi làm,Không,5 - 7 tiếng,4 - 6 tiếng,3.1 - 3.5
6,6,Trên 90%,Tự học một mình,Không đi làm,Không,Trên 7 tiếng,Trên 6 tiếng,2.6 - 3.0
10,5,Trên 90%,Học nhóm,Không đi làm,Có,Trên 7 tiếng,Dưới 2 tiếng,3.5 - 4.0
5,6,Trên 90%,Kết hợp cả hai,Làm dưới 16h/tuần,Có,5 - 7 tiếng,Dưới 2 tiếng,3.5 - 4.0
8,5,Trên 90%,Kết hợp cả hai,Không đi làm,Không,Trên 7 tiếng,Trên 6 tiếng,3.1 - 3.5
11,8,Trên 90%,Tự học một mình,Không đi làm,Không,5 - 7 tiếng,4 - 6 tiếng,3.1 - 3.5
13,4,Trên 90%,Kết hợp cả hai,Làm trên 16h/tuần,Có,5 - 7 tiếng,Dưới 2 tiếng,3.5 - 4.0
9,7,Trên 90%,Tự học một mình,Làm trên 16h/tuần,Có,Trên 7 tiếng,2 - 4 tiếng,3.1 - 3.5
14,7,Trên 90%,Học nhóm,Làm dưới 16h/tuần,Không,Dưới 5 tiếng,Dưới 2 tiếng,3.5 - 4.0
11,6,Trên 90%,Tự học một mình,Không đi làm,Có,Trên 7 tiếng,Dưới 2 tiếng,3.5 - 4.0
8,3,Trên 90%,Học nhóm,Làm trên 16h/tuần,Có,5 - 7 tiếng,Dưới 2 tiếng,3.1 - 3.5
11,7,Trên 90%,Kết hợp cả hai,Không đi làm,Có,Dưới 5 tiếng,4 - 6 tiếng,3.5 - 4.0
5,3,Trên 90%,Kết hợp cả hai,Làm trên 16h/tuần,Có,Trên 7 tiếng,4 - 6 tiếng,3.1 - 3.5
8,8,Trên 90%,Học nhóm,Làm dưới 16h/tuần,Không,Trên 7 tiếng,4 - 6 tiếng,3.1 - 3.5
10,5,Trên 90%,Tự học một mình,Làm dưới 16h/tuần,Không,Dưới 5 tiếng,Trên 6 tiếng,3.1 - 3.5
8,6,Trên 90%,Học nhóm,Không đi làm,Có,Trên 7 tiếng,2 - 4 tiếng,3.1 - 3.5
8,7,Trên 90%,Kết hợp cả hai,Làm dưới 16h/tuần,Có,Dưới 5 tiếng,4 - 6 tiếng,3.1 - 3.5
12,3,Trên 90%,Tự học một mình,Làm dưới 16h/tuần,Có,5 - 7 tiếng,Dưới 2 tiếng,3.5 - 4.0
11,3,Trên 90%,Kết hợp cả hai,Không đi làm,Có,Dưới 5 tiếng,2 - 4 tiếng,3.5 - 4.0
13,6,Trên 90%,Học nhóm,Không đi làm,Có,5 - 7 tiếng,Dưới 2 tiếng,3.5 - 4.0
6,8,Trên 90%,Học nhóm,Không đi làm,Không,Dưới 5 tiếng,Dưới 2 tiếng,3.5 - 4.0
10,5,Trên 90%,Học nhóm,Làm dưới 16h/tuần,Không,5 - 7 tiếng,2 - 4 tiếng,3.1 - 3.5
7,7,Trên 90%,Kết hợp cả hai,Làm trên 16h/tuần,Không,Trên 7 tiếng,2 - 4 tiếng,3.1 - 3.5
15,6,Trên 90%,Tự học một mình,Làm dưới 16h/tuần,Không,Dưới 5 tiếng,4 - 6 tiếng,3.5 - 4.0
10,4,Trên 90%,Tự học một mình,Làm trên 16h/tuần,Không,Dưới 5 tiếng,Dưới 2 tiếng,3.5 - 4.0
15,5,Trên 90%,Tự học một mình,Làm trên 16h/tuần,Có,5 - 7 tiếng,Dưới 2 tiếng,3.5 - 4.0
14,6,Trên 90%,Tự học một mình,Không đi làm,Có,Dưới 5 tiếng,Trên 6 tiếng,3.5 - 4.0
12,7,Trên 90%,Tự học một mình,Làm trên 16h/tuần,Có,Dưới 5 tiếng,4 - 6 tiếng,3.5 - 4.0
12,6,Trên 90%,Kết hợp cả hai,Không đi làm,Không,Dưới 5 tiếng,Trên 6 tiếng,3.1 - 3.5
10,7,Trên 90%,Kết hợp cả hai,Làm trên 16h/tuần,Không,Dưới 5 tiếng,Dưới 2 tiếng,3.1 - 3.5
13,4,Trên 90%,Học nhóm,Làm dưới 16h/tuần,Có,5 - 7 tiếng,Dưới 2 tiếng,3.5 - 4.0
14,5,Trên 90%,Học nhóm,Làm trên 16h/tuần,Có,5 - 7 tiếng,Trên 6 tiếng,3.5 - 4.0
14,8,Trên 90%,Kết hợp cả hai,Làm trên 16h/tuần,Không,Trên 7 tiếng,2 - 4 tiếng,3.5 - 4.0
8,4,Trên 90%,Học nhóm,Làm dưới 16h/tuần,Có,Dưới 5 tiếng,Dưới 2 tiếng,3.5 - 4.0
12,8,Trên 90%,Tự học một mình,Làm trên 16h/tuần,Có,5 - 7 tiếng,Dưới 2 tiếng,3.5 - 4.0
6,5,Trên 90%,Học nhóm,Không đi làm,Có,5 - 7 tiếng,Dưới 2 tiếng,3.1 - 3.5
8,8,Trên 90%,Tự học một mình,Làm trên 16h/tuần,Không,Dưới 5 tiếng,4 - 6 tiếng,3.1 - 3.5
8,8,Trên 90%,Học nhóm,Làm trên 16h/tuần,Có,Trên 7 tiếng,Trên 6 tiếng,3.1 - 3.5
11,3,Trên 90%,Kết hợp cả hai,Không đi làm,Không,Dưới 5 tiếng,Dưới 2 tiếng,3.5 - 4.0
8,8,Trên 90%,Học nhóm,Làm trên 16h/tuần,Có,Dưới 5 tiếng,2 - 4 tiếng,3.5 - 4.0
7,6,Trên 90%,Tự học một mình,Làm trên 16h/tuần,Không,5 - 7 tiếng,2 - 4 tiếng,3.1 - 3.5
14,6,Trên 90%,Tự học một mình,Làm trên 16h/tuần,Có,Dưới 5 tiếng,Dưới 2 tiếng,3.5 - 4.0
6,8,Trên 90%,Học nhóm,Làm dưới 16h/tuần,Không,Trên 7 tiếng,2 - 4 tiếng,2.6 - 3.0
6,4,Trên 90%,Kết hợp cả hai,Không đi làm,Không,Dưới 5 tiếng,2 - 4 tiếng,3.1 - 3.5
13,7,Trên 90%,Tự học một mình,Làm trên 16h/tuần,Có,Trên 7 tiếng,Dưới 2 tiếng,3.5 - 4.0
7,8,Trên 90%,Tự học một mình,Làm trên 16h/tuần,Có,Trên 7 tiếng,Dưới 2 tiếng,3.5 - 4.0
8,3,Trên 90%,Tự học một mình,Làm dưới 16h/tuần,Không,Dưới 5 tiếng,Trên 6 tiếng,3.1 - 3.5
14,5,Trên 90%,Kết hợp cả hai,Làm trên 16h/tuần,Không,Trên 7 tiếng,2 - 4 tiếng,3.5 - 4.0
12,7,Trên 90%,Học nhóm,Làm trên 16h/tuần,Có,Dưới 5 tiếng,2 - 4 tiếng,3.5 - 4.0
12,5,Trên 90%,Học nhóm,Không đi làm,Không,Trên 7 tiếng,Dưới 2 tiếng,3.5 - 4.0
12,3,Trên 90%,Học nhóm,Không đi làm,Có,Dưới 5 tiếng,Dưới 2 tiếng,3.5 - 4.0
12,4,Trên 90%,Học nhóm,Làm trên 16h/tuần,Có,5 - 7 tiếng,Trên 6 tiếng,3.5 - 4.0
10,4,Trên 90%,Tự học một mình,Không đi làm,Không,5 - 7 tiếng,Dưới 2 tiếng,3.1 - 3.5
7,8,Trên 90%,Kết hợp cả hai,Làm dưới 16h/tuần,Có,Dưới 5 tiếng,Trên 6 tiếng,3.1 - 3.5
5,7,Trên 90%,Tự học một mình,Làm dưới 16h/tuần,Không,5 - 7 tiếng,Dưới 2 tiếng,3.1 - 3.5
9,8,Trên 90%,Học nhóm,Làm trên 16h/tuần,Không,Trên 7 tiếng,2 - 4 tiếng,3.1 - 3.5
14,4,Trên 90%,Kết hợp cả hai,Không đi làm,Không,Trên 7 tiếng,Dưới 2 tiếng,3.5 - 4.0
5,7,Trên 90%,Kết hợp cả hai,Làm dưới 16h/tuần,Có,Dưới 5 tiếng,2 - 4 tiếng,3.5 - 4.0
14,7,Trên 90%,Học nhóm,Làm trên 16h/tuần,Có,Trên 7 tiếng,4 - 6 tiếng,3.5 - 4.0
8,7,Trên 90%,Tự học một mình,Không đi làm,Không,5 - 7 tiếng,Dưới 2 tiếng,3.1 - 3.5
12,5,Trên 90%,Tự học một mình,Làm dưới 16h/tuần,Không,Dưới 5 tiếng,4 - 6 tiếng,3.5 - 4.0
15,4,Trên 90%,Kết hợp cả hai,Không đi làm,Không,Dưới 5 tiếng,2 - 4 tiếng,3.5 - 4.0
5,5,Trên 90%,Tự học một mình,Làm dưới 16h/tuần,Có,Dưới 5 tiếng,Trên 6 tiếng,2.6 - 3.0
15,4,Trên 90%,Tự học một mình,Làm trên 16h/tuần,Không,Trên 7 tiếng,2 - 4 tiếng,3.5 - 4.0
7,8,Trên 90%,Tự học một mình,Không đi làm,Không,Trên 7 tiếng,2 - 4 tiếng,3.1 - 3.5
8,8,Trên 90%,Kết hợp cả hai,Không đi làm,Không,Trên 7 tiếng,Dưới 2 tiếng,3.5 - 4.0
8,5,Trên 90%,Học nhóm,Không đi làm,Không,5 - 7 tiếng,Dưới 2 tiếng,3.1 - 3.5
14,5,Trên 90%,Tự học một mình,Làm trên 16h/tuần,Không,5 - 7 tiếng,4 - 6 tiếng,3.5 - 4.0
12,7,Trên 90%,Tự học một mình,Không đi làm,Có,Trên 7 tiếng,Trên 6 tiếng,3.5 - 4.0
5,6,Trên 90%,Học nhóm,Không đi làm,Có,5 - 7 tiếng,Trên 6 tiếng,3.1 - 3.5
9,3,Trên 90%,Kết hợp cả hai,Làm dưới 16h/tuần,Có,Trên 7 tiếng,Dưới 2 tiếng,3.5 - 4.0
12,6,Trên 90%,Tự học một mình,Không đi làm,Có,Trên 7 tiếng,Trên 6 tiếng,3.5 - 4.0
14,6,Trên 90%,Tự học một mình,Không đi làm,Có,Dưới 5 tiếng,Trên 6 tiếng,3.5 - 4.0
8,5,Trên 90%,Học nhóm,Làm trên 16h/tuần,Có,Dưới 5 tiếng,4 - 6 tiếng,3.1 - 3.5
8,8,Trên 90%,Tự học một mình,Làm dưới 16h/tuần,Có,Trên 7 tiếng,2 - 4 tiếng,3.5 - 4.0
6,4,Trên 90%,Học nhóm,Làm dưới 16h/tuần,Không,Trên 7 tiếng,2 - 4 tiếng,3.1 - 3.5
14,4,Trên 90%,Học nhóm,Không đi làm,Có,Dưới 5 tiếng,2 - 4 tiếng,3.5 - 4.0
13,6,Trên 90%,Tự học một mình,Làm dưới 16h/tuần,Không,Dưới 5 tiếng,4 - 6 tiếng,3.1 - 3.5
11,4,Trên 90%,Học nhóm,Làm trên 16h/tuần,Có,5 - 7 tiếng,2 - 4 tiếng,3.5 - 4.0
5,3,Trên 90%,Tự học một mình,Làm trên 16h/tuần,Không,Trên 7 tiếng,4 - 6 tiếng,2.6 - 3.0
14,6,Trên 90%,Tự học một mình,Không đi làm,Có,Dưới 5 tiếng,Trên 6 tiếng,3.5 - 4.0
7,8,Trên 90%,Kết hợp cả hai,Không đi làm,Có,Trên 7 tiếng,2 - 4 tiếng,3.1 - 3.5
13,3,Trên 90%,Học nhóm,Làm trên 16h/tuần,Có,5 - 7 tiếng,Dưới 2 tiếng,3.5 - 4.0
7,7,Trên 90%,Tự học một mình,Làm dưới 16h/tuần,Có,Trên 7 tiếng,2 - 4 tiếng,3.1 - 3.5
8,3,Trên 90%,Học nhóm,Làm dưới 16h/tuần,Có,5 - 7 tiếng,Dưới 2 tiếng,3.1 - 3.5
11,3,Trên 90%,Học nhóm,Không đi làm,Có,Trên 7 tiếng,4 - 6 tiếng,3.5 - 4.0
14,5,Trên 90%,Tự học một mình,Làm dưới 16h/tuần,Có,5 - 7 tiếng,2 - 4 tiếng,3.5 - 4.0
12,7,Trên 90%,Tự học một mình,Không đi làm,Có,Dưới 5 tiếng,4 - 6 tiếng,3.5 - 4.0
13,3,Trên 90%,Học nhóm,Không đi làm,Có,Dưới 5 tiếng,2 - 4 tiếng,3.5 - 4.0
11,3,Trên 90%,Học nhóm,Không đi làm,Có,5 - 7 tiếng,4 - 6 tiếng,3.5 - 4.0
9,5,Trên 90%,Học nhóm,Không đi làm,Có,Trên 7 tiếng,Dưới 2 tiếng,3.5 - 4.0
7,7,Trên 90%,Tự học một mình,Làm dưới 16h/tuần,Có,5 - 7 tiếng,Trên 6 tiếng,3.1 - 3.5
15,6,Trên 90%,Học nhóm,Làm trên 16h/tuần,Có,Dưới 5 tiếng,2 - 4 tiếng,3.5 - 4.0
12,4,Trên 90%,Tự học một mình,Không đi làm,Có,5 - 7 tiếng,Trên 6 tiếng,3.5 - 4.0
13,6,Trên 90%,Tự học một mình,Không đi làm,Có,Dưới 5 tiếng,2 - 4 tiếng,3.5 - 4.0
10,4,Trên 90%,Tự học một mình,Làm dưới 16h/tuần,Có,Trên 7 tiếng,Dưới 2 tiếng,3.5 - 4.0